-- TX
INSERT INTO tx (id,hash,block,fee,out_sum,"size") VALUES 
(14506,decode('6497B33B10FA2619C6EFBD9F874ECD1C91BADB10BF70850732AAB45B90524D9E','hex'),3316,0,1000000,130)
,(14507,decode('DBD87B3876DA9847C01B7F229A4126EA113CDD17494BA6B86E714B4CA1864FCD','hex'),3339,170894,829106,212)
,(14508,decode('2802037E8724128BD6F7361606E2698DC71C5E929BFB528E55A8829601D7CB69','hex'),3354,170894,558212,212)
,(14509,decode('A152CD991B31B27B7FDD359C3593AAAA388C7CD9CA0455243D80728643DA4EB6','hex'),3372,178761,121239,252)
,(14510,decode('2EE3F67DE64B52FC682C5D5E0CCFCFC81C056E3759B5739FA705B37576213540','hex'),3492,178849,299363,254)
,(14511,decode('DBC87D198FC9F6067C8E65F89DA60A944E1EF52F0C539D980EBBC95F3DC71B65','hex'),6318,0,1000000,130)
,(14512,decode('AC439284933BA4A2BC81E5E8995C4A0C0A39256884D905E74FFCDF7BA9B257E7','hex'),6329,170894,829106,212)
,(14513,decode('A9E4413A5FB61A7A43C7DF006FFCAAF3F2FFC9541F54757023968C5A8F8294FD','hex'),6344,0,1000000,130)
,(14514,decode('9EDCFD90739D217034D6106AD7126B5B17417FF12E456D9026793FEB9B797484','hex'),6362,0,1000000,130)
,(14515,decode('C950E0D7D898A392CCF458A75728AA35AFD4BD3776F118CBF0E0ABB315205BC4','hex'),7136,170894,829106,212)
;
INSERT INTO tx (id,hash,block,fee,out_sum,"size") VALUES 
(14516,decode('F18C0E90336F6AB47360601ADCC3108C70943138D57DF692A178B52B47D7443C','hex'),7170,178849,479363,254)
,(14517,decode('92180107B0BCD7B5D286C83355BEC53E8CD4AFED202B02FE8AB60C3F563A9346','hex'),7173,0,1000000,130)
,(14518,decode('BB216B9D65F0ECA4A1521C9DE94DC1B478E8E9F5151D87AD3E8E4DE38E19A2A1','hex'),7178,0,1000000,130)
,(14519,decode('E21036E892AA66FE6C367C704AC1892CA4684661577CB46AB5969FF2EC036683','hex'),13311,178761,1100602,252)
,(14520,decode('A4B5DAB6CB2FE790516A6A9DDA28858240771D8D18442FC78D5C0C835FE3EE5E','hex'),16166,0,1000000,130)
,(14521,decode('8CEB1EBBB3FEAC4C91A1CF6B33FE685587937B885A2E6298D096C67928E45DC1','hex'),16267,170719,59281,128)
,(14522,decode('FA2D2A70C0B5FD45CB6C3989F02813061F9D27F15F30ECDDD38780C59F413C62','hex'),16311,0,2463071701000000,134)
,(14523,decode('0D94CE298776BD6BF220084D7AF093B2D403668A45F55A9C813B2EFD0FFD1E10','hex'),16338,171070,2463071700828930,216)
,(14524,decode('2B921A7EA89ECEB45012618E8226BA652208E2CD1754CBA0EA5D365065AA92F0','hex'),16577,170894,929106,212)
,(14525,decode('0E9335E56B90FCE413A737E68025DCF5C92F31DA80AA66A4FEF48D7A41E4016E','hex'),16635,170894,508212,212)
;
INSERT INTO tx (id,hash,block,fee,out_sum,"size") VALUES 
(14526,decode('208C7D54C1C24059C9314DDBE866EDC80ADCB8894539B27B6A1430D5C078B998','hex'),19408,0,648176763000000,134)
,(14527,decode('242608FC18552A4AC83ADABCEF7155F3B909E83D469CE89735DB8F11D3637E38','hex'),19501,0,2074165643000000,134)
,(14528,decode('5EC95A53FA3BB7DC56864BB6E75F369F00AA20E8D8CDC3B66B2FB88EC1B225EF','hex'),19516,0,781381495000000,134)
,(14529,decode('0C67F31AFF2B7CEF3AFD633DD9229B5B1E696CC064CE6BB997BB9E3E16F1C24B','hex'),19523,0,499791000000,134)
,(14530,decode('49BEF29428B70222F26F33C282209BF17B9E76A6FFA46A21E3925D325381CAA7','hex'),19617,171070,648176762828930,216)
,(14531,decode('4AD890224814665AA7A33A58C82664B75C06B632AEDA26279981FD29ADA9F34C','hex'),19717,171246,648176761657684,220)
,(14532,decode('DE932D17AEAB59AC266F16DF885EEB081D981629B982D76602BF95DD0417332F','hex'),19738,171070,647999999828930,216)
,(14533,decode('FB219A1B0D7B331A5DCC41861254A5F841B50A6CB52FE558BDEFA27141A07B91','hex'),19749,170763,658167,209)
,(14534,decode('8279F8FDFE65EFEA13EC97C98ABE65B5AA9DCF5846EA4CA7AD8344A31AC960AA','hex'),21083,170894,829106,212)
,(14535,decode('94184CBCC07FE0BE57CF8FF5224AD40FCF7A3EB6FE94BA3B5C445F67C68F9CB1','hex'),21241,170894,999829106,212)
;
INSERT INTO tx (id,hash,block,fee,out_sum,"size") VALUES 
(14536,decode('F27025A284EEC1430428FD5091FFF4635ADC5C2394A1C4556FD729F219F9D14C','hex'),21308,170894,994658212,212)
,(14537,decode('E3BADD70B65B060A232ECDBD7C8362A51BD9B17780E4681977945FC6786D901E','hex'),21327,178849,15821151,254)
,(14538,decode('6BAB31B915F5D47A28FC4D799147E466EACD335ECE03842F8AC7A95F251AB804','hex'),21533,0,3846153000000,134)
;

-- TX_IN
INSERT INTO tx_in (id,tx_in_id,tx_out_id,tx_out_index) VALUES 
(22,14523,14522,0)
,(17,14519,14516,0)
,(37,14537,14536,1)
,(18,14519,14517,0)
,(24,14525,14524,0)
,(14,14516,14512,0)
,(31,14532,14531,0)
,(29,14530,14526,0)
,(20,14521,14510,1)
,(36,14537,14535,1)
;
INSERT INTO tx_in (id,tx_in_id,tx_out_id,tx_out_index) VALUES 
(35,14536,14535,0)
,(33,14534,14518,0)
,(6,14510,14508,0)
,(4,14509,14508,1)
,(23,14524,14519,1)
,(7,14510,14509,1)
,(5,14509,14507,1)
,(3,14508,14507,0)
,(30,14531,14530,0)
,(9,14512,14511,0)
;
INSERT INTO tx_in (id,tx_in_id,tx_out_id,tx_out_index) VALUES 
(13,14516,14515,0)
,(2,14507,14506,0)
,(34,14535,14523,1)
,(32,14533,14532,0)
,(12,14515,14513,0)
;

-- TX_OUT
INSERT INTO tx_out (id,tx_id,"index",address,value) VALUES 
(14530,14522,0,'DdzFFzCqrhsytyf2oUxqFNXDX9MfAFBWk9pTBXViZbSwxEi7PYcq9LSjBDcW6BVcA7KxgeixYWospQKn68P9PaviM2FvhTFvsEezT8qg',2463071701000000)
,(14523,14516,1,'DdzFFzCqrhsj3kFcvUReVK2uKTQDScBqQi2eWwmbm1b3vcXyzqfP6mKyQp6v29GtTRqHeKK7WYx7gLhJLGqsUuzMvk7hQFbRUbKmHLcb',200000)
,(14522,14516,0,'DdzFFzCqrhtAMfrDWZPKcLwzXyfLRoiCHostiyjvvAp6nBwLs49Hh9t5SV2DMuqgPZKSs6aKYzBAJAkkkfZ4yAn87xE7sV4eYX8ykbcZ',279363)
,(14556,14537,1,'DdzFFzCqrhsj1a6Sgc4NmK4ZtzE1vL2ZaTqEYVXBmZ7K8GykDFFGMaUPHX2xXCGvnz8SPvSEEMhU4LF7coufGHXpUNy8uXCkMtxkG1wH',4800000)
,(14555,14537,0,'DdzFFzCqrhtDCCvKzJrABAJ1GKu5MGyN5vcQLWrraRQnSpBJgbBmS7GypdNUbTf9e27aPB4tM7UkQ9gt2kiUbvu24FtZHBjHqLUuW93u',11021151)
,(14550,14534,1,'DdzFFzCqrhtB2jzYHnG6f8JPTVVb45UULpAHsjDkiqfQMXUJxUEdLsujFHpmuQW2ZWmhXj4BPit8pFrP2u3c7w85wrPZrYmrMTdNn7AH',300000)
,(14549,14534,0,'DdzFFzCqrhseiGWx5CRoEMpM8EE3LrdGtcDhMpYzkiG8rmTo8YkqMS1rhD4nwu8ezh11LnwEjmKCUXAKrgSkuhdgtULdmzqM8QqUb8i9',529106)
,(14554,14536,1,'DdzFFzCqrht7PQiAhzrn6rNNoADJieTWBt8KeK9BZdUsGyX9ooYD9NpMCTGjQoUKcHN47g8JMXhvKogsGpQHtiQ65fZwiypjrC6d3a4Q',11000000)
,(14553,14536,0,'DdzFFzCqrhsmWbE7vU9Lok8Cg9nuNoxkD6iZtexm5jVg7Rx4Xvjn8trraKRBLnXJCJtwW2apS9RM5WBT1rzAd7xFTAGgRBGMiLWR24Uv',983658212)
,(14538,14527,0,'DdzFFzCqrhsi4ogKmCFQwBUWqtS18UBL3SrdDoNuSxHSiqKAgbn2zCfDsdv2hbTDN8mgwT3C84uQ3EKazbUtPMPFKDzNxrLKBeWqKqvy',2074165643000000)
;
INSERT INTO tx_out (id,tx_id,"index",address,value) VALUES 
(14524,14517,0,'DdzFFzCqrhsxbb1o8dmx93YkaLCcz2f1H7mB5W6sCx8uKDEKyZMAkGbvkz6q4LHvMfULBb6e7GcJzAhhM4e1FXxtgKDUGfFZ2t4BLsVG',1000000)
,(14534,14524,1,'DdzFFzCqrhshcyKPYpEKuicZG4rRCrvErEsnuVi55xJoZmqmjeub5Bvt9kT9Vr3BS44qz27T746FKTNjxF9zG1rdbzdrtBHzgWaUA8rA',250000)
,(14533,14524,0,'DdzFFzCqrhsh1m8sgdQ8XaVdfNGhGscU36dh8Zs77wusLT9Li4SNCdD1mLQyfbRh8b7V7bpzVNMjijU47mY7UpWM9jdAG7dgKj4CPe8D',679106)
,(14517,14512,1,'DdzFFzCqrhsuXWViKNnvsC5NdWhT4NEw5FeDtzdm9WbzzDTTTrFSjRAPhiPhE258dt7hfHmQAHo6PNEkfzXZ7ZrF4WAiLYqPCmgUrc5G',500000)
,(14516,14512,0,'DdzFFzCqrhsgHx6CUkwaLwABsZLtFZpuQsTbXpMkinerzLPCX9aNdpTVvj4P7uEmytxD8wW34y1A3f7awj1vGQMU3dBjv56619WXLjCo',329106)
,(14539,14528,0,'DdzFFzCqrhspiThx6UaeJASmHTbwbXp2FtdCkF9AU9QXPF9D8sUC7Fqrv9bmYkxradBbqMrSxukTTsqCPNPwRh5PHazdiwWTuJYVMMaf',781381495000000)
,(14544,14531,1,'DdzFFzCqrhsrLwwP94HsJenSAauqK8VXE2HDGTZPBHwHVFrqmiPAQjjFjxDyNibJvbqH7vFndYKwZFQdAzdcS9DHH3CGaZsjm8f9SxSV',176761657684)
,(14543,14531,0,'DdzFFzCqrhtCkKWaMk5RU8NvVZGKMCgkhutiLjwFCpwwjqWUK8D3fzuCrXnb24gusP5rM3whez2KRnCUzPZXSS7MFzpUYrenXXbstVHS',648000000000000)
,(14540,14529,0,'DdzFFzCqrht5NYzd3dFkfFpHKqh1f1mcZaPPKHHJHHPH179vcDwdZNUsPaYiKP81zNiwtZCyd5mBVDg2hkeSM2GUpZ91YbbaBwZdVAhu',499791000000)
,(14537,14526,0,'DdzFFzCqrht1RAzCsYyTHZJymt4qj65bV41TyufbmpTr9nGh2VS3zY25tJHu718QACd7xpKENCGfK8wnQhZXNJmnmCvxPHJfuwk3BzrP',648176763000000)
;
INSERT INTO tx_out (id,tx_id,"index",address,value) VALUES 
(14514,14510,1,'DdzFFzCqrht9efS8woML88YvS7Pzt31X3Bbx8gTJzyxzNSFLomSVKEQ5xdqGVeT2jdjy6vL2S21uzyguQvqVTB5QzFp1ZKWZ1z79gWPk',230000)
,(14513,14510,0,'DdzFFzCqrhspMAbRKVg5wJtriwJKm2S5wzdfXECtTYGNW8KPT2KwXS5gVpkBPDxRozYhjZiVDg6Qec4hdsMGVUWnpo8MCTtcayuMb2VG',69363)
,(14552,14535,1,'DdzFFzCqrht7PQiAhzrn6rNNoADJieTWBt8KeK9BZdUsGyX9ooYD9NpMCTGjQoUKcHN47g8JMXhvKogsGpQHtiQ65fZwiypjrC6d3a4Q',5000000)
,(14551,14535,0,'DdzFFzCqrhswyzBKzbkQV6ZeU9iZUERSaTpcx3nQKJR2LcPf1VH4dnFn4Lpz6hVLyX94b66VET3bnu9HnDM53NktvqMg5uRc6bfFp6cC',994829106)
,(14536,14525,1,'DdzFFzCqrhshcyKPYpEKuicZG4rRCrvErEsnuVi55xJoZmqmjeub5Bvt9kT9Vr3BS44qz27T746FKTNjxF9zG1rdbzdrtBHzgWaUA8rA',333000)
,(14535,14525,0,'DdzFFzCqrhsovj1QtN2tYMx8YtHV8b9ibvJjmnbbtghFK5DetzuEJgaxXrxRJB6Jno2jSdPijbg2DPsCogR8s7boHxQZFRPwwtvXxQkq',175212)
,(14525,14518,0,'DdzFFzCqrhss2X7fWvAV7ScR7XBaaRCZfAE3dMPR2XNCY22p6c4GeMoyYcupMBmZwwczAGe1KzRPAfzaszvJHFp2FdtCTgf7nn3GyHa6',1000000)
,(14510,14508,1,'DdzFFzCqrhsqz23SkTxevzJ3Dn4ee14BpQVe5T9LX2yWJpcjHToP2qxnzaEiy5qiHwNVtX5ANXtLJyBwKz8PvjJZYq2n8fyy7Dp9RqXa',200000)
,(14509,14508,0,'DdzFFzCqrht8wAQiwNCromuPxNjQoK2Cs2vMiVFwFYYAQCcA1nPs7BMXFYhZZVBYhAKexYhaiA8xCUW8EEnc4Wdn6X5zD7R9xcabHip8',358212)
,(14519,14514,0,'DdzFFzCqrhskX3xJ2845w4fRadPhPbRmNQKsscrfhCuWANhxSxCFQJKqKnA7D6JrkTUC2NkMq5jTFvsXAJFH9nfUKRFN2bzgJUaR8YXN',1000000)
;
INSERT INTO tx_out (id,tx_id,"index",address,value) VALUES 
(14557,14538,0,'DdzFFzCqrhsoXBAE5n7CWTHXUAPmwcJVj6D8mVfU8a3vAAgLBm449swRhAqxm9ZnPUYnKhLLAXCGy7UiqG439CiaioBa5MTnPGpavGvC',3846153000000)
,(14527,14519,1,'DdzFFzCqrht6DCws3LaP1g1YBN8VN6aPK2wQrMcYzVsihWgyB6faV2WCbsN8xqErMZwbzdwhJThKFUSxJSapN6rQmLSx6uskfkaP8vSc',1100000)
,(14526,14519,0,'DdzFFzCqrht8FSsjpgai3xFPvzTDqRt2eSEHgFWqQFUEBwDbDjGyd121PsJh722NdxbzCfSDRQQtGdQQU7WxwCSToi1tpN5HVra1Ak5h',602)
,(14512,14509,1,'DdzFFzCqrht8wAQiwNCromuPxNjQoK2Cs2vMiVFwFYYAQCcA1nPs7BMXFYhZZVBYhAKexYhaiA8xCUW8EEnc4Wdn6X5zD7R9xcabHip8',120000)
,(14511,14509,0,'DdzFFzCqrhtBv4CAUj5xTtV53R8Td2Z7E9EoAisc1LLb3VYZccnxzj5AwVU1Uaa6ec6ZpFdvkY9Q4ebDYNTLvNzhYyh4Tiydz83TMJur',1239)
,(14508,14507,1,'DdzFFzCqrhsqz23SkTxevzJ3Dn4ee14BpQVe5T9LX2yWJpcjHToP2qxnzaEiy5qiHwNVtX5ANXtLJyBwKz8PvjJZYq2n8fyy7Dp9RqXa',100000)
,(14507,14507,0,'DdzFFzCqrhsm6jrC1KFcWNENb2PE171SDpg4rpaLytzVNFSsC8yGQpLggMTTSpedAKHmBUu9LtudohiHZ2zVjRKah38DVJyGVjWZoZPd',729106)
,(14542,14530,1,'DdzFFzCqrhsrLwwP94HsJenSAauqK8VXE2HDGTZPBHwHVFrqmiPAQjjFjxDyNibJvbqH7vFndYKwZFQdAzdcS9DHH3CGaZsjm8f9SxSV',1000000)
,(14541,14530,0,'DdzFFzCqrhstSui4YeNkXPMTYkmocxZgJJikaSXE4rMPxGKUxqbCwpSBizgDuzNdQ3ggLmQRmZ6aChX6Zi3YqjqmsDFUfsZThmQBwNvR',648176761828930)
,(14529,14521,0,'DdzFFzCqrht3DvRa1xEfrTdkH3YdgpeWnTX6tYX65SPFEcrncGTGVrAdPey2q2tHkyqidRP1ntJWUEmq3BGxFpzD7xpaUqE5tMPQKMtA',59281)
;
INSERT INTO tx_out (id,tx_id,"index",address,value) VALUES 
(14515,14511,0,'DdzFFzCqrhsqU7rLVY4rjYgmHidTDLLfNpLDQk85QwCBu8WQW8Snpmq4rEmeZ2ze96WzBrLEt8FjTWU4f7cG7bsymDrpfKpDC5Jknpda',1000000)
,(14521,14515,1,'DdzFFzCqrhszzyrUXDCZJHs9yFCbcnLD4FSGm1S2F6MUUjV8Wvq351eqUdoTqaScmU3jZ19KJmX8H4fn12nwYwQg9HtoBi7cD16qzpdj',500000)
,(14520,14515,0,'DdzFFzCqrhswtV8kmjV78zcAC6AgrUNQRhELRmBip5AQkqKw9BWRSuxUyWNNSARLxuFpYc4kEAPyB3XQLsXjc3LQ48R4EPADo4rYzRbT',329106)
,(14506,14506,0,'DdzFFzCqrhsszHTvbjTmYje5hehGbadkT6WgWbaqCy5XNxNttsPNF13eAjjBHYT7JaLJz2XVxiucam1EvwBRPSTiCrT4TNCBas4hfzic',1000000)
,(14532,14523,1,'DdzFFzCqrhstG7iM8Wtegm4JRJLp6B8Gtoyy9UyfeeiaHagaaqJQ3EBgjWAyqLtigUDvPWSR3LJhB7dNUPjYnFfxx6e6zLRBJwzTgPAi',1000000000)
,(14531,14523,0,'DdzFFzCqrht3wEZNURs9U5Qp7HnLoi9Cpao2YzThm88CqvLuP9uTmGzpwQc2e9VSUNGPhR7pAz3g9TtnBx3YoiiJ712Va3dBZNTXkTYT',2463070700828930)
,(14528,14520,0,'DdzFFzCqrhsiBLT4JgoYRcn1YmiAtNXoz9iPM7kvsBF9ypduZtvjpmUwhBaeDzmSWUvgDo1b4in8NqHiMYAPmS26fCWm26rseqWiZPhu',1000000)
,(14548,14533,1,'DdzFFzCqrhsrLwwP94HsJenSAauqK8VXE2HDGTZPBHwHVFrqmiPAQjjFjxDyNibJvbqH7vFndYKwZFQdAzdcS9DHH3CGaZsjm8f9SxSV',658120)
,(14547,14533,0,'DdzFFzCqrhsmJTsmzaQghE8NZVcAqK2dubGJh3kHG1CKPFoKmJnGQHegKhyhQS4RBdZcifzgeYNxw8MEBmePSQvWAyZMCcjq8yJrjUsL',47)
,(14546,14532,1,'DdzFFzCqrhsrLwwP94HsJenSAauqK8VXE2HDGTZPBHwHVFrqmiPAQjjFjxDyNibJvbqH7vFndYKwZFQdAzdcS9DHH3CGaZsjm8f9SxSV',647999999000000)
;
INSERT INTO tx_out (id,tx_id,"index",address,value) VALUES 
(14545,14532,0,'DdzFFzCqrhsh6PPXzk7CJD5x5FVuJMm2aJLLou2REGuV8G842fbcEhgbaz7BhnfD7oopi9MM8rGDWwQNpdqHesegkYDP1TxeQyx8ssNi',828930)
,(14518,14513,0,'DdzFFzCqrhsjEtvKie4apJ4wHKQdG7eyGYrUBDuPoAiPvenD44RmDPJmaHVdVsTR9QjHjQDL1jDU6rS8upHyxspT7VP5PGJHnDZ94nNi',1000000)
;